genome_id,full_name,gi,ref,strain,species,DNAlength,serovar,specificity,cluster,submitter,year_sequenced,collected_by (if different from submitter),year_collected ,anomality,comment,publication,contigs
C097,Chlamydophila abortus S26/3,62184647,NC_004552.2,S26/3,abortus,1144377,,,,Sanger Institute,04/01/2005,,,,Strain S26/3 was isolated from an enzootic (affecting animals in a specific geographical area) abortion case in sheep. ,The Chlamydophila abortus genome sequence reveals an array of variable proteins that contribute to interspecies variation,1
C098,Chlamydophila caviae GPIC,29839769,NC_003361.3,GPIC,caviae,1173390,,"pharyngitis, bronchitis and pneumonitis",,TIGR,4/14/03,,,,"Chlamydophila caviae GPIC, formerly Chlamydophila psittaci, is a guinea pig inclusion conjunctivitis strain. ",Genome sequence of Chlamydophila caviae (Chlamydia psittaci GPIC): examining the role of niche-specific genes in the evolution of the Chlamydiaceae,1
C099,Chlamydophila felis Fe/C-56,89897807,NC_007899.1,Fe/C-56,felis,1166239,,"pharyngitis, bronchitis and pneumonitis",,Japanese Consortium/Yamaguchi Univ.,03/09/2006,,,,"hosts - Cat, Felis catus",,1
C001,Chlamydia muridarum str. Nigg,29337300,NC_002620.2,Nigg,muridarum,1072950,,"pharyngitis, bronchitis and pneumonitis",,TIGR,3/26/03,,,,This is a wild-type strain that is virulent in mice., Genome sequences of Chlamydia trachomatis MoPn and Chlamydia pneumoniae AR39,1
C100,Chlamydophila pecorum E58,330443755,NC_015408.1,E58,pecorum,1106197,,,,"Institute for Genome Sciences, University Of Maryland School of Medicine",4/13/11,,,,"C. pecorum is a species of Chlamydiaceae prevalent in mammals, notably: cattle, sheep and goats (ruminants), koalas (marsupials), and swine. C. pecorum strains are serologically and pathogenically diverse. E58 is the first C. pecorum strain sequenced.","Genome sequence of the obligate intracellular animal pathogen Chlamydia pecorum E58,",1
C002,Chlamydia pecorum P787,545632602,NC_022441.1,P787,pecorum,1106409,,,,Moredun Research Institute,9/24/13,,,,"Chlamydia pecorum is an obligate intracellular bacterium identified as the causative agent of a number of acute diseases but often occurs as a persistent infection in runimants, swine and birds. Strain P787 was isolated from the synovial fluid of a sheep with arthritis.",Genome sequencing and comparative analysis of three Chlamydia pecorum strains associated with different pathogenic outcomes,1
C003,Chlamydia pecorum PV3056/3,545630754,NC_022439.1,PV3056/3,pecorum,1104552,,,,Moredun Research Institute,9/24/13,,,,"Chlamydia pecorum is an obligate intracellular bacterium identified as the causative agent of a number of acute diseases but often occurs as a persistent infection in runimants, swine and birds. Strain PV3056/3 was isolated from the cervical swab of a cow with metritis.", Genome sequencing and comparative analysis of three Chlamydia pecorum strains associated with different pathogenic outcomes,1
C004,Chlamydia pecorum W73,545631676,NC_022440.1,W73,pecorum,1106534,,,,Moredun Research Institute,9/24/13,,,,"Chlamydia pecorum is an obligate intracellular bacterium identified as the causative agent of a number of acute diseases but often occurs as a persistent infection in runimants, swine and birds. Strain W73 was isolated from the feces of a healthy sheep.", Genome sequencing and comparative analysis of three Chlamydia pecorum strains associated with different pathogenic outcomes,1
C101,Chlamydophila pneumoniae AR39,58021288,NC_002179.2,AR39,pneumoniae,1229853,,"pharyngitis, bronchitis and pneumonitis",,TIGR,01/09/2001,,,," Isolated from a University of Washington student with acute respiratory (=AR) tract infection in 1983, and epidemiologically distinct from Chlamydophila pneumoniae strain CWL029.",Genome sequences of Chlamydia trachomatis MoPn and Chlamydia pneumoniae AR39,1
C102,Chlamydophila pneumoniae CWL029,15617929,NC_000922.1,CWL029,pneumoniae,1230230,,"pharyngitis, bronchitis and pneumonitis",,ChGP,12/22/99,,,, Isolated in the USA before 1987 and epidemiologically distinct from Chlamydophila pneumoniae strain AR39.,Comparative genomes of Chlamydia pneumoniae and C trachomatis,1
C103,Chlamydophila pneumoniae J138,15835535,NC_002491.1,J138,pneumoniae,1226565,,,,Yamaguchi/Kyushu U.,05/11/2004,,1994,,Isolated in Japan in 1994 from the pharyngeal mucosa of a 5 year old male patient with acute bronchitis,Comparison of whole genome sequences of Chlamydia pneumoniae J138 from Japan and CWL029 from USA,1
C104,Chlamydophila pneumoniae LPCoLN,384448988,NC_017285.1,LPCoLN,pneumoniae,1241020,,"pharyngitis, bronchitis and pneumonitis",,TIGR,11/20/09,,,,,"Evidence that human Chlamydia pneumoniae was zoonotically acquired,",1
C105,Chlamydophila pneumoniae TW-183,33241335,NC_005043.1,TW-183,pneumoniae,1225935,,"pharyngitis, bronchitis and pneumonitis",,ALTANA Pharma,7/25/03,,,,"This is the type strain for Chlamydophila pneumoniae. An ocular isolate first isolated in 1965 from a child's conjunctiva (the membranes lining the eyelid) during a trachoma vaccine trial in Taiwan. However, it naturally causes respiratory rather than ocular infections.",,1
C005,Chlamydia psittaci 01DC12,410857988,NC_019391.1,01DC12,psittaci,1171011,,mammalian,,Moredun Research Institute,11/05/2012,,,,"The strain 01DC12 was isolated from a pig from Saxony-Anhalt, Germany.",,1
C006,Chlamydia psittaci 84/55,407453476,NC_018619.1,84/55,psittaci,1172064,"A, psittacine birds(cockatoos, parrots, parakeets and lories)",bird,,"University of Maryland, Baltimore",9/21/12,,,," lungs of a diseased parakeet  (Amazona sp), Germany","Full genome sequences of all nine Chlamydia psittaci genotype reference strains,",1
C007,Chlamydia psittaci CP3,406591804,NC_018625.1,CP3,psittaci,1168150,"B, pigeons",bird,,"University of Maryland, Baltimore",9/21/12,,1957,,"isolated from urban pigeon, host -Columba livia , USA","Full genome sequences of all nine Chlamydia psittaci genotype reference strains,",1
C008,Chlamydia psittaci GR9,407454812,NC_018620.1,GR9,psittaci,1147152,"C, ducks and geese",bird,,"University of Maryland, Baltimore",9/19/12,,1960,,"isolated from duck, host -  Anas platyrhynchos, Germany",,1
C009,Chlamydia psittaci M56,407458794,NC_018623.1,M56,psittaci,1161385,"M56, epizootics in muskrats",mammalian,,"University of Maryland, Baltimore",9/21/12,,1961,,"isolated from muskrat during outbreak, host - Ondatra zibethicus ","Full genome sequences of all nine Chlamydia psittaci genotype reference strains,",1
C010,Chlamydia psittaci MN,406593966,NC_018627.1,MN,psittaci,1168490,"E, pigeons, ratites, ducks, turkeys, and occa-
sionally humans",bird,,"University of Maryland, Baltimore",9/21/12,,1934,,"isolated from throat of humans with an influenza-like infection, host -  Homo sapiens, USA ","Full genome sequences of all nine Chlamydia psittaci genotype reference strains,",1
C011,Chlamydia psittaci NJ1,406592921,NC_018626.1,NJ1,psittaci,1161434,"D, turkeys",bird,,"University of Maryland, Baltimore",9/21/12,,1954,,"turkey,  Meleagris gallopavo, USA  ","Full genome sequences of all nine Chlamydia psittaci genotype reference strains,",1
C012,Chlamydia psittaci VS225,407456172,NC_018621.1,VS225,psittaci,1157385,"F, psittacine birds and turkeys",bird,,"University of Maryland, Baltimore",9/21/12,,1991,,"parakeet, USA","Full genome sequences of all nine Chlamydia psittaci genotype reference strains,",1
C013,Chlamydia psittaci WC,407460163,NC_018624.1,WC,psittaci,1172265,"WC, epizootics in Cattle",mammalian,,"University of Maryland, Baltimore",9/21/12,,,," cattle during an outbreak of enteritis,  Bos taurus  ","Full genome sequences of all nine Chlamydia psittaci genotype reference strains,",1
C014,Chlamydia psittaci WS/RT/E30,407457548,NC_018622.1,WS/RT/E30,psittaci,1140789,"E/B, ducks",bird,,"University of Maryland, Baltimore",9/21/12,,2001,," duck with no clinical signs,  Anas platyrhynchos, Germany  ","Full genome sequences of all nine Chlamydia psittaci genotype reference strains,",1
C106,Chlamydia psittaci 01DC11,384451106,NC_017289.1,01DC11,psittaci,1172197,,mammalian,,Leibniz Institute for Natural Product Research and Infection Biology,06/02/2011,,2001,,porcine strain 01DC11 was isolated from a conjunctival swab of a pig,"Complete genome sequences of four mammalian isolates of Chlamydophila psittaci,",1
C107,Chlamydia psittaci 02DC15,384454035,NC_017292.1,02DC15,psittaci,1172182,,mammalian,,Leibniz Institute for Natural Product Research and Infection Biology,06/02/2011,,2002,,"bovine strain 02DC15 was isolated from
an aborted calf fetus","Complete genome sequences of four mammalian isolates of Chlamydophila psittaci,",1
C108,Chlamydia psittaci 08DC60,384452082,NC_017290.1,08DC60,psittaci,1172032,,mammalian,,Leibniz Institute for Natural Product Research and Infection Biology,06/02/2011,,2008,,"human strain 08DC60
was isolated from bronchial lavage fluid","Complete genome sequences of four mammalian isolates of Chlamydophila psittaci,",1
C109,Chlamydia psittaci 6BC,384450095,NC_017287.1,6BC,psittaci,1171667,,bird,,"Institute for Genome Sciences, University Of Maryland School of Medicine",4/14/11,,1941,,"Source - Parakeet, California. Strain 6BC is the strain most commonly used in research laboratories.","Commercial product, Recommended host -  McCoy cells (ATCC CRL-1696)
chicken embryo, yolk sac; mouse, ic or ip inoculation; parakeet, ip inoculation; turkey, ip inoculation; chicken embryo in tissue culture; L-929 cells (ATCC CCL-1); McCoy cells (ATCC CRL-1696)",1
C110,Chlamydia psittaci 6BC,332286959,NC_015470.1,6BC/II,psittaci,1171660,,bird,,Leibniz Institute for Natural Product Research and Infection Biology,03/08/2011,,,,sourse - parakeet,"Full-length de novo sequence of the Chlamydophila psittaci type strain, 6BC",1
C111,Chlamydia psittaci C19/98,384453056,NC_017291.1,C19/98,psittaci,1169374,,mammalian,,Leibniz Institute for Natural Product Research and Infection Biology,06/02/2011,,1998,,Ovine C. psittaci strain C19/98 was isolated from afterbirth,"Complete genome sequences of four mammalian isolates of Chlamydophila psittaci,",1
C112,Chlamydia psittaci Mat116,449070641,NC_020248.1,Mat116,psittaci,1163362,,bird,,"Laboratory of Veterinary Microbiology, Faculty of Applied Biological Sciences, Gifu University",02/08/2013,,2001,many frameshifted proteins,"psittacosis outbreak, Japan.",,1
C113,Chlamydia psittaci RD1,392376213,NC_014796.1,RD1,psittaci,1164076,,mammalian ,,Wellcome Trust Sanger insititute,12/09/2010,,2010,missing rRNA genes,mixed culture with Chlamydia trachomatis serovar L2b. Strain RD1 is thought to derive from a laboratory-based cross-contamination event from an undetermined source soon after C. trachomatis strain isolation,Genome sequence of the zoonotic pathogen Chlamydophila psittaci,1
C015,Chlamydia trachomatis 434/Bu,166153973,NC_010287.1,434/Bu,trachomatis,1038842,L2,"invasive, lymphogranuloma",group 2 (L1-L3),Wellcome Trust Sanger Institute,1/17/08,,,,,"Chlamydia trachomatis: genome sequence analysis of lymphogranuloma venereum isolates, This is a biovar, serovar L2 strain Serovar L2 strains are associated with sexually transmitted infections L2 strains cause lymphogranuloma vernerum, a systemic infection which infects monocytes and spreads to lymph nodes causing swelling This strain will be used for comparative analysis with other Chlamydia trachomatis strains",1
C016,Chlamydia trachomatis A2497,376282008,NC_016798.1,A2497,trachomatis,1044325,A,trachoma,group 1 (A-C),Wellcome Trust Sanger Institute,01/11/2012,,,,Chlamydia trachomatis A2497 was isolated from a 2.5-year-old with intense active trachoma in Tanzania. This strain is being used for comparative analysis with other Chlamydia trachomatis strains.,,1
C017,Chlamydia trachomatis A2497,385269641,NC_017437.1,A2497,trachomatis,1044326,A,trachoma,group 1 (A-C),Rocky Mountain Laboratory,9/28/11,,,,,A live-attenuated chlamydial vaccine protects against trachoma in nonhuman primates,1
C018,Chlamydia trachomatis A/363,478458543,NC_020966.1,A/363,trachomatis,1044026,A,trachoma,group 1 (A-C),Sanger Institute,3/30/12,,,,,Whole-genome analysis of diverse Chlamydia trachomatis strains identifies phylogenetic relationships masked by current clinical typing,1
C019,Chlamydia trachomatis A/5291,478448616,NC_020939.1,A/5291,trachomatis,1044023,A,trachoma,group 1 (A-C),Sanger Institute,3/13/12,,,,,Whole-genome analysis of diverse Chlamydia trachomatis strains identifies phylogenetic relationships masked by current clinical typing,1
C020,Chlamydia trachomatis A/7249,478465761,NC_020944.1,A/7249,trachomatis,1044377,A,trachoma,group 1 (A-C),Sanger Institute,3/13/12,,,,,Whole-genome analysis of diverse Chlamydia trachomatis strains identifies phylogenetic relationships masked by current clinical typing,1
C021,Chlamydia trachomatis A/HAR-13,76788711,NC_007429.1,A/HAR-13,trachomatis,1044459,A,trachoma,group 1 (A-C),Lab of Human Bacterial Pathogenesis,9/23/05,,,,,Comparative genomic analysis of Chlamydia trachomatis oculotropic and genitotropic strains,1
C022,Chlamydia trachomatis B/Jali20/OT,237802433,NC_012686.1,B/Jali20/OT,trachomatis,1044352,B,trachoma,group 1 (A-C),Wellcome Trust Sanger Institute,05/11/2009,,,,,Co-evolution of genomes and plasmids within Chlamydia trachomatis and the emergence in Sweden of a new variant strain,1
C023,Chlamydia trachomatis B/TZ1A828/OT,237804348,NC_012687.1,B/TZ1A828/OT,trachomatis,1044282,B,trachoma,group 1 (A-C),Wellcome Trust Sanger Institute,05/11/2009,,,,,Co-evolution of genomes and plasmids within Chlamydia trachomatis and the emergence in Sweden of a new variant strain,1
C024,Chlamydia trachomatis C/TW-3,568111252,NC_023060.1,C/TW-3,trachomatis,1043554,C,trachoma,group 1 (A-C),"National Institute of Health, Portugal",12/13/13,,,,,Complete Genome Sequence of Chlamydia trachomatis Ocular Serovar C Strain TW-3,1
C025,Chlamydia trachomatis D-EC,385243207,NC_017434.1,D-EC,trachomatis,1042522,D,"Non-invasive, urogenital tract",group 3 (D-K),"Integrated Genomics, Inc.",06/09/2010,,,,,Frameshift mutations in a single novel virulence factor alter the in vivo pathogenicity of Chlamydia trachomatis for the female murine genital tract,1
C026,Chlamydia trachomatis D-LC,385244087,NC_017436.1,D-LC,trachomatis,1042520,D,"Non-invasive, urogenital tract",group 3 (D-K),"Integrated Genomics, Inc.",06/09/2010,,,,,Frameshift mutations in a single novel virulence factor alter the in vivo pathogenicity of Chlamydia trachomatis for the female murine genital tract,1
C027,Chlamydia trachomatis D/SotonD1,478472060,NC_020967.1,D/SotonD1,trachomatis,1042585,D,"Non-invasive, urogenital tract",group 4 (D-K),Sanger Institute,3/15/12,,,,,Whole-genome analysis of diverse Chlamydia trachomatis strains identifies phylogenetic relationships masked by current clinical typing,1
C028,Chlamydia trachomatis D/SotonD5,478454931,NC_020943.1,D/SotonD5,trachomatis,1042140,D,"Non-invasive, urogenital tract",group 3 (D-K),Sanger Institute,3/13/12,,,,,Whole-genome analysis of diverse Chlamydia trachomatis strains identifies phylogenetic relationships masked by current clinical typing,1
C029,Chlamydia trachomatis D/SotonD6,478459453,NC_020968.1,D/SotonD6,trachomatis,1042560,D,"Non-invasive, urogenital tract",group 3 (D-K),Sanger Institute,3/13/12,,,,,Whole-genome analysis of diverse Chlamydia trachomatis strains identifies phylogenetic relationships masked by current clinical typing,1
C030,Chlamydia trachomatis D/UW-3/CX,15604717,NC_000117.1,D/UW-3/CX,trachomatis,1042519,D,"Non-invasive, urogenital tract",group 3 (D-K),ChGP,01/09/2001,,,,"This is a trachoma biovar, serovar D strain. ",Genome sequence of an obligate intracellular pathogen of humans: Chlamydia trachomatis,1
C031,Chlamydia trachomatis E/11023,385241358,NC_017431.1,E/11023,trachomatis,1043025,E,"Non-invasive, urogenital tract",group 4 (D-K),Oregon State University,5/21/10,,,,,Genome sequencing of recent clinical Chlamydia trachomatis strains identifies loci associated with tissue tropism and regions of apparent recombination,1
C032,Chlamydia trachomatis E/150,385244967,NC_017439.1,E/150,trachomatis,1042996,E,"Non-invasive, urogenital tract",group 4 (D-K),Oregon State University,5/21/10,,,,,Genome sequencing of recent clinical Chlamydia trachomatis strains identifies loci associated with tissue tropism and regions of apparent recombination,1
C033,Chlamydia trachomatis E/Bour,478461249,NC_020971.1,E/Bour,trachomatis,1042589,E,"Non-invasive, urogenital tract",group 4 (D-K),Sanger Institute,3/13/12,,,,,Whole-genome analysis of diverse Chlamydia trachomatis strains identifies phylogenetic relationships masked by current clinical typing,1
C034,Chlamydia trachomatis E/C599,549708541,NC_022537.1,E/C599,trachomatis,1042626,E,"Non-invasive, urogenital tract",group 4 (D-K),Wellcome Trust Sanger Institute,10/10/2013,,,,,,1
C035,Chlamydia trachomatis E/SW3,389858571,NC_017952.1,E/SW3,trachomatis,1042903,E,"Non-invasive, urogenital tract",group 4 (D-K),Sanger Institute,3/13/12,,,,,Whole-genome analysis of diverse Chlamydia trachomatis strains identifies phylogenetic relationships masked by current clinical typing,1
C036,Chlamydia trachomatis E/SotonE4,478472964,NC_020969.1,E/SotonE4,trachomatis,1042625,E,"Non-invasive, urogenital tract",group 4 (D-K),Sanger Institute,3/13/12,,,,,Whole-genome analysis of diverse Chlamydia trachomatis strains identifies phylogenetic relationships masked by current clinical typing,1
C037,Chlamydia trachomatis E/SotonE8,478455841,NC_020942.1,E/SotonE8,trachomatis,1048812,E,"Non-invasive, urogenital tract",group 4 (D-K),Sanger Institute,3/13/12,,,,,Whole-genome analysis of diverse Chlamydia trachomatis strains identifies phylogenetic relationships masked by current clinical typing,1
C038,Chlamydia trachomatis F/SW4,389857697,NC_017951.1,F/SW4,trachomatis,1042736,F,"Non-invasive, urogenital tract",group 4 (D-K),Sanger Institute,3/13/12,,,,,Whole-genome analysis of diverse Chlamydia trachomatis strains identifies phylogenetic relationships masked by current clinical typing,1
C039,Chlamydia trachomatis F/SW5,389859448,NC_017953.1,F/SW5,trachomatis,1042743,F,"Non-invasive, urogenital tract",group 4 (D-K),Sanger Institute,3/13/12,,,,,Whole-genome analysis of diverse Chlamydia trachomatis strains identifies phylogenetic relationships masked by current clinical typing,1
C040,Chlamydia trachomatis F/SWFPminus,549731805,NC_022548.1,F/SWFPminus,trachomatis,1042731,F,"Non-invasive, urogenital tract",group 4 (D-K),Wellcome Trust Genome Campus,10/10/2013,,,,,,1
C041,Chlamydia trachomatis G/11074,385245895,NC_017440.1,G/11074,trachomatis,1042875,G,"Non-invasive, urogenital tract",group 3 (D-K),Oregon State University,5/21/10,,,,, Genome sequencing of recent clinical Chlamydia trachomatis strains identifies loci associated with tissue tropism and regions of apparent recombination,1
C042,Chlamydia trachomatis G/11222,385240430,NC_017430.1,G/11222,trachomatis,1042354,G,"Non-invasive, urogenital tract",group 3 (D-K),Oregon State University,5/21/10,,,,, Genome sequencing of recent clinical Chlamydia trachomatis strains identifies loci associated with tissue tropism and regions of apparent recombination,1
C043,Chlamydia trachomatis G/9301,385242285,NC_017432.1,G/9301,trachomatis,1042811,G,"Non-invasive, urogenital tract",group 3 (D-K),Oregon State University,5/28/10,,,,,,1
C044,Chlamydia trachomatis G/9768,385239509,NC_017429.1,G/9768,trachomatis,1042810,G,"Non-invasive, urogenital tract",group 3 (D-K),Oregon State University,5/21/10,,,,,Genome sequencing of recent clinical Chlamydia trachomatis strains identifies loci associated with tissue tropism and regions of apparent recombination,1
C045,Chlamydia trachomatis G/SotonG1,478456739,NC_020941.1,G/SotonG1,trachomatis,1042171,G,"Non-invasive, urogenital tract",group 3 (D-K),Sanger Institute,3/13/12,,,,,Whole-genome analysis of diverse Chlamydia trachomatis strains identifies phylogenetic relationships masked by current clinical typing,1
C046,Chlamydia trachomatis IU824,471328175,NC_020511.1,IU824,trachomatis,1043022,I,"Non-invasive, urogenital tract",group 4 (D-K),z (SOTON),3/15/13,,,,"Two C. trachomatis isolates from cases of repeated treatment failure were previously characterised as being resistant to tetracycline. However, genome sequencing of these isolates did not reveal any known tetracycline-resistance genes or mutations that may confer resistance. Moreover, tetracycline resistance assays showed tetracycline sensitive phenotypes for both isolates. We therefore conclude that the previously findings can be explained by well-known difficulties in assaying C. trachomatis for antibiotic resistance",Chlamydia trachomatis clinical isolates identified as tetracycline resistant do not exhibit resistance in vitro: whole-genome sequencing reveals a mutation in porB but no evidence for tetracycline resistance genes,1
C047,Chlamydia trachomatis IU888,478428135,NC_020512.1,IU888,trachomatis,1043022,I,"Non-invasive, urogenital tract",group 4 (D-K),z (SOTON),3/15/13,,,,"Two C. trachomatis isolates from cases of repeated treatment failure were previously characterised as being resistant to tetracycline. However, genome sequencing of these isolates did not reveal any known tetracycline-resistance genes or mutations that may confer resistance. Moreover, tetracycline resistance assays showed tetracycline sensitive phenotypes for both isolates. We therefore conclude that the previously findings can be explained by well-known difficulties in assaying C. trachomatis for antibiotic resistance",Chlamydia trachomatis clinical isolates identified as tetracycline resistant do not exhibit resistance in vitro: whole-genome sequencing reveals a mutation in porB but no evidence for tetracycline resistance genes,1
C048,Chlamydia trachomatis Ia/SotonIa1,478460354,NC_020970.1,Ia/SotonIa1,trachomatis,1042630,I,"Non-invasive, urogenital tract",group 3 (D-K),Sanger Institute,3/13/12,,,,,Whole-genome analysis of diverse Chlamydia trachomatis strains identifies phylogenetic relationships masked by current clinical typing,1
C049,Chlamydia trachomatis J/6276tet1,527322501,NC_021892.1,J/6276tet1,trachomatis,1080953,J,"Non-invasive, urogenital tract",group 3 (D-K),Oregon State University,7/26/13,,,,not recombinant? Tet-resistant? (my comment),Genomic and phenotypic characterization of in vitro-generated Chlamydia trachomatis recombinants,1
C050,Chlamydia trachomatis K/SotonK1,478457650,NC_020965.1,K/SotonK1,trachomatis,1042447,K,"Non-invasive, urogenital tract",group 3 (D-K),Sanger Institute,3/13/12,,,,,Whole-genome analysis of diverse Chlamydia trachomatis strains identifies phylogenetic relationships masked by current clinical typing,1
C051,Chlamydia trachomatis L1/115,478451325,NC_020929.1,L1/115,trachomatis,1039084,L1,"invasive, lymphogranuloma",group 2 (L1-L3),Sanger Institute,3/13/12,,,,,Whole-genome analysis of diverse Chlamydia trachomatis strains identifies phylogenetic relationships masked by current clinical typing,1
C052,Chlamydia trachomatis L1/224,478462164,NC_020973.1,L1/224,trachomatis,1038819,L1,"invasive, lymphogranuloma",group 2 (L1-L3),Sanger Institute,3/13/12,,,,,Whole-genome analysis of diverse Chlamydia trachomatis strains identifies phylogenetic relationships masked by current clinical typing,1
C053,Chlamydia trachomatis L1/440/LN,478447723,NC_020937.1,L1/440/LN,trachomatis,1039261,L1,"invasive, lymphogranuloma",group 2 (L1-L3),Sanger Institute,3/13/12,,,,,Whole-genome analysis of diverse Chlamydia trachomatis strains identifies phylogenetic relationships masked by current clinical typing,1
C054,Chlamydia trachomatis L2/25667R,478446832,NC_020930.1,L2/25667R,trachomatis,1038839,L2,"invasive, lymphogranuloma",group 2 (L1-L3),Sanger Institute,3/13/12,,,,,Whole-genome analysis of diverse Chlamydia trachomatis strains identifies phylogenetic relationships masked by current clinical typing,1
C055,Chlamydia trachomatis L2/434/Bu(f),482546028,NC_021052.1,L2/434/Bu(f),trachomatis,1038842,L2,"invasive, lymphogranuloma",group 2 (L1-L3),"National Institute of Health, Portugal",4/15/13,,,, Effect of long-term laboratory propagation on Chlamydia trachomatis genome dynamics.,Effect of long-term laboratory propagation on Chlamydia trachomatis genome dynamics,1
C056,Chlamydia trachomatis L2/434/Bu(i),482545086,NC_021050.1,L2/434/Bu(i),trachomatis,1038842,L2,"invasive, lymphogranuloma",group 2 (L1-L3),"National Institute of Health, Portugal",4/15/13,,,, Effect of long-term laboratory propagation on Chlamydia trachomatis genome dynamics.,Effect of long-term laboratory propagation on Chlamydia trachomatis genome dynamics,1
C057,Chlamydia trachomatis L2b/795,478469369,NC_020938.1,L2b/795,trachomatis,1038720,L2,"invasive, lymphogranuloma",group 2 (L1-L3),Sanger Institute,3/13/12,,,,,Whole-genome analysis of diverse Chlamydia trachomatis strains identifies phylogenetic relationships masked by current clinical typing,1
C058,Chlamydia trachomatis L2b/8200/07,478470269,NC_020945.1,L2b/8200/07,trachomatis,1038864,L2,"invasive, lymphogranuloma",group 2 (L1-L3),Sanger Institute,3/13/12,,,,,Whole-genome analysis of diverse Chlamydia trachomatis strains identifies phylogenetic relationships masked by current clinical typing,1
C059,Chlamydia trachomatis L2b/Ams1,478466660,NC_020933.1,L2b/Ams1,trachomatis,1038879,L2,"invasive, lymphogranuloma",group 2 (L1-L3),Sanger Institute,3/13/12,,,,,Whole-genome analysis of diverse Chlamydia trachomatis strains identifies phylogenetic relationships masked by current clinical typing,1
C060,Chlamydia trachomatis L2b/Ams2,478449525,NC_020934.1,L2b/Ams2,trachomatis,1038864,L2,"invasive, lymphogranuloma",group 2 (L1-L3),Sanger Institute,3/13/12,,,,,Whole-genome analysis of diverse Chlamydia trachomatis strains identifies phylogenetic relationships masked by current clinical typing,1
C061,Chlamydia trachomatis L2b/Ams3,478464861,NC_020977.1,L2b/Ams3,trachomatis,1038718,L2,"invasive, lymphogranuloma",group 2 (L1-L3),Sanger Institute,3/13/12,,,,,Whole-genome analysis of diverse Chlamydia trachomatis strains identifies phylogenetic relationships masked by current clinical typing,1
C062,Chlamydia trachomatis L2b/Ams4,478467560,NC_020978.1,L2b/Ams4,trachomatis,1038864,L2,"invasive, lymphogranuloma",group 2 (L1-L3),Sanger Institute,3/13/12,,,,,Whole-genome analysis of diverse Chlamydia trachomatis strains identifies phylogenetic relationships masked by current clinical typing,1
C063,Chlamydia trachomatis L2b/Ams5,478450425,NC_020936.1,L2b/Ams5,trachomatis,1038848,L2,"invasive, lymphogranuloma",group 2 (L1-L3),Sanger Institute,3/13/12,,,,,Whole-genome analysis of diverse Chlamydia trachomatis strains identifies phylogenetic relationships masked by current clinical typing,1
C064,Chlamydia trachomatis L2b/CV204,478463961,NC_020976.1,L2b/CV204,trachomatis,1038881,L2,"invasive, lymphogranuloma",group 2 (L1-L3),Sanger Institute,3/15/12,,,,,Whole-genome analysis of diverse Chlamydia trachomatis strains identifies phylogenetic relationships masked by current clinical typing,1
C065,Chlamydia trachomatis L2b/Canada1,478452224,NC_020935.1,L2b/Canada1,trachomatis,1038541,L2,"invasive, lymphogranuloma",group 2 (L1-L3),Sanger Institute,3/13/12,,,,,Whole-genome analysis of diverse Chlamydia trachomatis strains identifies phylogenetic relationships masked by current clinical typing,1
C066,Chlamydia trachomatis L2b/Canada2,478453138,NC_020932.1,L2b/Canada2,trachomatis,1038746,L2,"invasive, lymphogranuloma",group 2 (L1-L3),Sanger Institute,3/13/12,,,,,Whole-genome analysis of diverse Chlamydia trachomatis strains identifies phylogenetic relationships masked by current clinical typing,1
C067,Chlamydia trachomatis L2b/LST,478471160,NC_020975.1,L2b/LST,trachomatis,1038876,L2,"invasive, lymphogranuloma",group 2 (L1-L3),Sanger Institute,3/13/12,,,,,Whole-genome analysis of diverse Chlamydia trachomatis strains identifies phylogenetic relationships masked by current clinical typing,1
C068,Chlamydia trachomatis L2b/UCH-1/proctiti,352951305,NC_010280.2,L2b/UCH-1/proctiti,trachomatis,1038863,L2,"invasive, lymphogranuloma",group 2 (L1-L3),Welcome Trust Sanger Institute,9/14/11,,,,Chlamydia trachomatis L2b/UCH-1/proctitis was isolated from a recent outbreak of proctitis in Europe. ,Chlamydia trachomatis: genome sequence analysis of lymphogranuloma venereum isolates,1
C069,Chlamydia trachomatis L2b/UCH-2,478454031,NC_020931.1,L2b/UCH-2,trachomatis,1038864,L2,"invasive, lymphogranuloma",group 2 (L1-L3),Sanger Institute,3/13/12,,,,,Whole-genome analysis of diverse Chlamydia trachomatis strains identifies phylogenetic relationships masked by current clinical typing,1
C070,Chlamydia trachomatis L2c,339625373,NC_015744.1,L2c,trachomatis,1038313,L2c ,"invasive, lymphogranuloma",group 2 (L1-L3),Emory University,07/06/2011,,,,hypervitulent: invasive+toxic (L2+D) - natural recombinant. This strain was isolated from a man with severe proctitis.,Hypervirulent Chlamydia trachomatis clinical strain is a recombinant between lymphogranuloma venereum (L(2)) and D lineages,1
C071,Chlamydia trachomatis L3/404/LN,478463063,NC_020974.1,L3/404/LN,trachomatis,1039257,L3,"invasive, lymphogranuloma",group 2 (L1-L3),Sanger Institute,3/13/12,,,,,Whole-genome analysis of diverse Chlamydia trachomatis strains identifies phylogenetic relationships masked by current clinical typing,1
C072,Chlamydia trachomatis RC-F/69,527324594,NC_021895.1,RC-F/69,trachomatis,1046087,recombinant,recombinant,group 4 (D-K),Oregon State University,7/26/13,,,,,Genomic and phenotypic characterization of in vitro-generated Chlamydia trachomatis recombinantsï_ù,1
C073,Chlamydia trachomatis RC-F(s)/342,527320613,NC_021890.1,RC-F(s)/342,trachomatis,1083842,recombinant,recombinant,group 4 (D-K),Oregon State University,7/26/13,,,,,Genomic and phenotypic characterization of in vitro-generated Chlamydia trachomatis recombinantsï_ù,1
C074,Chlamydia trachomatis RC-F(s)/852,527318737,NC_021888.1,RC-F(s)/852,trachomatis,1083893,recombinant,recombinant,group 4 (D-K),Oregon State University,7/26/13,,,,,Genomic and phenotypic characterization of in vitro-generated Chlamydia trachomatis recombinantsï_ù,1
C075,Chlamydia trachomatis RC-J/943,527325519,NC_021896.1,RC-J/943,trachomatis,1038797,recombinant,recombinant,group 3 (D-K),Oregon State University,7/26/13,,,,,Genomic and phenotypic characterization of in vitro-generated Chlamydia trachomatis recombinantsï_ù,1
C076,Chlamydia trachomatis RC-J/953,527319692,NC_021889.1,RC-J/953,trachomatis,1038792,recombinant,recombinant,group 3 (D-K),Oregon State University,7/26/13,,,,,Genomic and phenotypic characterization of in vitro-generated Chlamydia trachomatis recombinantsï_ù,1
C077,Chlamydia trachomatis RC-J/966,527327366,NC_021898.1,RC-J/966,trachomatis,1038839,recombinant,recombinant,group 3 (D-K),Oregon State University,7/26/13,,,,,Genomic and phenotypic characterization of in vitro-generated Chlamydia trachomatis recombinantsï_ù,1
C078,Chlamydia trachomatis RC-J/971,527328293,NC_021899.1,RC-J/971,trachomatis,1038442,recombinant,recombinant,group 3 (D-K),Oregon State University,7/26/13,,,,,Genomic and phenotypic characterization of in vitro-generated Chlamydia trachomatis recombinantsï_ù,1
C079,Chlamydia trachomatis RC-J(s)/122,527321565,NC_021891.1,RC-J(s)/122,trachomatis,1061854,recombinant,recombinant,group 3 (D-K),Oregon State University,7/26/13,,,,,Genomic and phenotypic characterization of in vitro-generated Chlamydia trachomatis recombinantsï_ù,1
C080,Chlamydia trachomatis RC-L2/55,527323458,NC_021893.1,RC-L2/55,trachomatis,1038870,recombinant,recombinant,group 2 (L1-L3),Oregon State University,7/26/13,,,,,Genomic and phenotypic characterization of in vitro-generated Chlamydia trachomatis recombinantsï_ù,1
C081,Chlamydia trachomatis RC-L2(s)/3,527326446,NC_021897.1,RC-L2(s)/3,trachomatis,1046171,recombinant,recombinant,group 2 (L1-L3),Oregon State University,7/26/13,,,,,Genomic and phenotypic characterization of in vitro-generated Chlamydia trachomatis recombinantsï_ù,1
C082,Chlamydia trachomatis RC-L2(s)/46,527317811,NC_021887.1,RC-L2(s)/46,trachomatis,1038817,recombinant,recombinant,group 2 (L1-L3),Oregon State University,7/26/13,,,,,Genomic and phenotypic characterization of in vitro-generated Chlamydia trachomatis recombinantsï_ù,1
C083,Chlamydia trachomatis Sweden2,386262357,NC_017441.1,Sweden2,trachomatis,1042839,E,"Non-invasive, urogenital tract",group 4 (D-K),Wellcome Trust Sanger Institute,2/23/10,,,,,"The Swedish new variant of Chlamydia trachomatis: genome sequence, morphology, cell tropism and phenotypic characterization",1
C084,Chlamydia trachomatis F/SotonF3,478473867,NC_020964.1,F/SotonF3,trachomatis,1042789,F,"Non-invasive, urogenital tract",group 4 (D-K),Sanger Institute,3/13/12,,,,,Whole-genome analysis of diverse Chlamydia trachomatis strains identifies phylogenetic relationships masked by current clinical typing,1
C085,Chlamydia trachomatis Ia/SotonIa3,478474769,NC_020940.1,Ia/SotonIa3,trachomatis,1042783,I,"Non-invasive, urogenital tract",group 3 (D-K),Sanger Institute,3/13/12,,,,,Whole-genome analysis of diverse Chlamydia trachomatis strains identifies phylogenetic relationships masked by current clinical typing,1
C086,Chlamydia trachomatis L1/1322/p2,478468469,NC_020972.1,L1/1322/p2,trachomatis,1039428,L1,"invasive, lymphogranuloma",group 2 (L1-L3),Sanger Institute,3/13/12,,,missing rRNA genes,,Whole-genome analysis of diverse Chlamydia trachomatis strains identifies phylogenetic relationships masked by current clinical typing,1
C087,Chlamydia trachomatis F/2-93,532349507,NC_022106.1,F/2-93,trachomatis,1042619,F,"Non-invasive, urogenital tract",group 4 (D-K),Oregon State University,8/21/13,University of Washington ,1993,,endo-cervical swab,Culture-independent sequence analysis of Chlamydia trachomatis in urogenital specimens identifies regions of recombination and in-patient sequence mutations  ,1
C088,Chlamydia trachomatis F/11-96,532350434,NC_022107.1,F/11-96,trachomatis,1042853,F,"Non-invasive, urogenital tract",group 4 (D-K),Oregon State University,8/21/13,University of Washington ,1996,,endo-cervical swab,Culture-independent sequence analysis of Chlamydia trachomatis in urogenital specimens identifies regions of recombination and in-patient sequence mutations  ,1
C089,Chlamydia trachomatis E/12-94,532351363,NC_022108.1,E/12-94,trachomatis,1043010,E,"Non-invasive, urogenital tract",group 4 (D-K),Oregon State University,8/21/13,University of Washington ,1994,,endo-cervical swab,Culture-independent sequence analysis of Chlamydia trachomatis in urogenital specimens identifies regions of recombination and in-patient sequence mutations  ,1
C090,Chlamydia trachomatis D/14-96,532352287,NC_022109.1,D/14-96,trachomatis,1041595,D,"Non-invasive, urogenital tract",group 3 (D-K),Oregon State University,8/21/13,University of Washington ,1996,,endo-cervical swab,Culture-independent sequence analysis of Chlamydia trachomatis in urogenital specimens identifies regions of recombination and in-patient sequence mutations  ,1
C092,Chlamydia trachomatis F/1-93,532419034,NC_022117.1,F/1-93,trachomatis,1042588,F,"Non-invasive, urogenital tract",group 4 (D-K),Oregon State University,8/21/13,University of Washington ,1993,,endo-cervical swab,Culture-independent sequence analysis of Chlamydia trachomatis in urogenital specimens identifies regions of recombination and in-patient sequence mutations  ,1
C093,Chlamydia trachomatis F/6-94,532421823,NC_022118.1,F/6-94,trachomatis,1042767,F,"Non-invasive, urogenital tract",group 4 (D-K),Oregon State University,8/21/13,University of Washington ,1994,,endo-cervical swab,Culture-independent sequence analysis of Chlamydia trachomatis in urogenital specimens identifies regions of recombination and in-patient sequence mutations  ,1
C094,Chlamydia trachomatis D/13-96,532423942,NC_022119.1,D/13-96,trachomatis,1042752,D,"Non-invasive, urogenital tract",group 4 (D-K),Oregon State University,8/21/13,University of Washington ,1996,,endo-cervical swab,Culture-independent sequence analysis of Chlamydia trachomatis in urogenital specimens identifies regions of recombination and in-patient sequence mutations  ,1
C095,Chlamydia trachomatis Ia20-97,532427121,NC_022120.1,Ia20-97,trachomatis,1043181,Ia,"Non-invasive, urogenital tract",group 3 (D-K),Oregon State University,8/21/13,University of Washington ,1997,,endo-cervical swab,Culture-independent sequence analysis of Chlamydia trachomatis in urogenital specimens identifies regions of recombination and in-patient sequence mutations  ,1
C096,Chlamydia trachomatis J/31-98,532431171,NC_022121.1,J/31-98,trachomatis,1043207,J ,"Non-invasive, urogenital tract",group 3 (D-K),Oregon State University,8/21/13,University of Washington ,1998,,endo-cervical swab,Culture-independent sequence analysis of Chlamydia trachomatis in urogenital specimens identifies regions of recombination and in-patient sequence mutations  ,1
C114,Chlamydia ibidis 10-1398/6,532821947,NZ_APJW00000000.1,10-1398/6,ibidis,1146066,,bird,,"Institute for Genome Sciences, University of Maryland, Baltimore",12/30/13,,,,,Isolation of a new Chlamydia species from the feral sacred Ibis (Threskiornis aethiopicus): Chlamydia ibidis,4
C115,Chlamydia gallinacea 08-1274/3,545672893,CP015840.1,08-1274/3,gallinacea,1059583,,bird,,"Institute for Genome Sciences, University Of Maryland School of Medicine",3/24/14,,2008,,cloacal swab,Evidence for the existence of two new members of the family Chlamydiaceae and proposal of Chlamydia avium sp. nov. and Chlamydia gallinacea sp. Nov,1
C116,Chlamydia avium 10DC88,753800349,NZ_CP006571.1,10DC88,avium,1041170,,bird,,"Institute of Molecular Pathogenesis, Friedrich-Loeffler-Institut",07/03/2014,,2010,,spleen tissue from parrot (Polytelis),Evidence for the existence of two new members of the family Chlamydiaceae and proposal of Chlamydia avium sp. nov. and Chlamydia gallinacea sp. Nov,1
C117,Chlamydia muridarum MopnTet14,311788820,NZ_ACUJ01000001.3,MopnTet14,muridarum,1088736,,,,"Biomedical Sciences, Oregon State University",6/19/09,,,,,Horizontal transfer of tetracycline resistance among Chlamydia spp. In vitro,1
C118,Chlamydophila abortus AB7,704848931,NZ_LN554882.1,AB7,abortus,1144467,,,,"SC, Pathogen Informatics, Wellcome Trust Genome Campus",08/06/2014,,,,,,1
C119,Chlamydophila abortus LLG,424824698,NZ_CM001168.1,LLG,abortus,1143519,,,,Moredun Research Institute,4/13/11,,,,,Genome Sequence of the Chlamydophila abortus Variant Strain LLG,1
C120,Chlamydia pecorum DBDeUG,597503883,NZ_CM002308.1,DBDeUG,pecorum,1105101,,,," Institute of Health and Biomedical Innovation, Queensland University of Technology",11/28/13,,,,host: Phascolarctos cinereus,"Comparative genomics of koala, cattle and sheep strains of Chlamydia pecorum",1
C121,Chlamydia pecorum VR629,597503907,NZ_CM002311.1,VR629,pecorum,1105640,,,," Institute of Health and Biomedical Innovation, Queensland University of Technology",11/28/13,,,,host: Ovis aries,"Comparative genomics of koala, cattle and sheep strains of Chlamydia pecorum",1
C122,Chlamydia pecorum NSW/Bov/SBE,983410869,NZ_JWHE01000000,NSW/Bov/SBE,pecorum,1106395,,,,"Faculty of Science, Health, Education and Engineering, University of the Sunshine Coast",12/05/2014,,2010,,"host: Bos taurus, brain",Culture-independent genome sequencing of Chlamydia pecorum reveals an unexpected diversity of mixed infections in koalas and sheep,2
C123,Chlamydia pecorum strain L1,970512063,NZ_LFRH00000000,L1,pecorum,1106268,,,,University of the Sunshine Coast,6/26/15,,,,"Sus, lung","More than comparative genomics: Whole genome sequencing reveals elusive C. pecorum plasmid and re-evaluates genetic differences and phylogenetic relationships between C. pecorum from pig, cattle, sheep and koala hosts",5
C124,Chlamydia pneumoniae Wien1,822030395,NZ_LN846980.1,Wien1,pneumoniae,1228125,,,,University of Vienna,05/04/2015,,,,"cartoid artery, Austria:Vienna",,1
C125,Chlamydia pneumoniae K7,822023204,NZ_LN847221,K7,pneumoniae,1228523,,,,University of Vienna,05/04/2015,,,,"respiratory tract, Finland",,1
C126,Chlamydia pneumoniae CWL011,822017836,NZ_LN847000,CWL011,pneumoniae,1228579,,,,University of Vienna,05/04/2015,,,,"throat, USA:Atlanta",,1
C127,Chlamydia pneumoniae Wien3,822022716,NZ_LN847257,Wien3,pneumoniae,1228576,,,,University of Vienna,05/04/2015,,,,"infrarenal artery, Austria:Vienna",,1
C128,Chlamydia pneumoniae CV14,822022725,NZ_LN846996,CV14,pneumoniae,1228123,,,,University of Vienna,05/04/2015,,,,"coronary artery, Germany:Mainz",,1
C129,Chlamydia pneumoniae CM1,822030426,NZ_LN846995,CM1,pneumoniae,1229887,,,,University of Vienna,05/04/2015,,,,"host sputum, USA:Atlanta",,1
C130,Chlamydia pneumoniae PB2,820676372,LN847241,PB2,pneumoniae,1228126,,,,University of Vienna,05/04/2015,,,,"Peripheral blood mononuclear cell, Germany:Luebeck",,1
C131,Chlamydia psittaci NJ1,949800356,NZ_AFVK01000000,NJ1,psittaci,1160470,,,,CDC,8/26/13,,,,,,3
C132,Chlamydia psittaci DD34,983212975,NZ_AFVL00000000,DD34,psittaci,1163601,,,,CDC,8/26/13,,,,,Chlamydia psittaci comparative genomics reveals intraspecies variations in the putative outer membrane and type III secretion system genes,4
C133,Chlamydia muridarum str. Weiss,238907925,NZ_ACOW01000000,Weiss,muridarum,1063433,,,,"Institute for Genome Sciences, University Of Maryland School of Medicine",5/28/09,,,,,Strain and virulence diversity in the mouse pathogen Chlamydia muridarum,4
C134,Chlamydia trachomatis E/CS88(i),657885268,NZ_ANOM01000000,E/CS88(i),trachomatis,1031755,E,"Non-invasive, urogenital tract",group 4 (D-K),"Department of Infectious Diseases, National Institute of Health, Portugal",12/07/2012,Portuguese National Institute of Health,1993,,,Effect of long-term laboratory propagation on Chlamydia trachomatis genome dynamics,3
C135,Chlamydia trachomatis L2b/CS19/08,808021444,NZ_CP009923,L2b/CS19/08,trachomatis,1038864,L2,"invasive, lymphogranuloma",group 2 (L1-L3),"Department of Infectious Diseases, National Institute of Health, Portugal",11/12/2014,,2008,,anorectal swab,Deep comparative genomics among Chlamydia trachomatis lymphogranuloma venereum isolates highlights genes potentially involved in pathoadaptation,1
C136,Chlamydia trachomatis L2b/CS784/08,808035222,NZ_CP009925,L2b/CS784/08,trachomatis,1038864,L2,"invasive, lymphogranuloma",group 2 (L1-L3),"Department of Infectious Diseases, National Institute of Health, Portugal",11/12/2014,,2008,,anorectal swab,Deep comparative genomics among Chlamydia trachomatis lymphogranuloma venereum isolates highlights genes potentially involved in pathoadaptation,1
C137,Chlamydia trachomatis R32100IMS,950172934,NZ_CVNI00000000,R32100IMS,trachomatis,1043418,,"Non-invasive, urogenital tract",group 4 (D-K),Sanger Institute,03/10/2015,,2011,,"cervical, Russia:St Petersburg",,10
C138,Chlamydia trachomatis R28017IMS,950129262,NZ_CVNJ00000000,R28017IMS,trachomatis,1066741,,"Non-invasive, urogenital tract",group 4 (D-K),Sanger Institute,03/10/2015,,2011,,"cervical, Russia:St Petersburg",,6
C139,Chlamydia trachomatis R26833extract,942533211,NZ_CVNQ00000000,R26833extract,trachomatis,1054893,,"Non-invasive, urogenital tract",group 4 (D-K),Sanger Institute,03/10/2015,,2011,,"cervical, Russia:St Petersburg",,5
C140,Chlamydia trachomatis R32100extract,950202723,NZ_CVNR00000000,R32100extract,trachomatis,1052997,,"Non-invasive, urogenital tract",group 4 (D-K),Sanger Institute,03/11/2015,,2011,,"cervical, Russia:St Petersburg",,4
C141,Chlamydia trachomatis D/CS637/11,915694791,NZ_CP007131,D/CS637/11,trachomatis,1042680,D,"Non-invasive, urogenital tract",group 3 (D-K),"Department of Infectious Diseases, National Institute of Health, Portugal",1/15/14,,,,,,1
C142,Chlamydia trachomatis E/CS1025/11,915607986,NZ_CP010567,E/CS1025/11,trachomatis,1043034,E,"Non-invasive, urogenital tract",group 4 (D-K),"Department of Infectious Diseases, National Institute of Health, Portugal",1/20/15,National Institute of Health,2011,,Portugal:Lisbon,,1
C143,Chlamydia trachomatis F/CS847/08,915645866,NZ_CP010569,F/CS847/08,trachomatis,1043060,F,"Non-invasive, urogenital tract",group 4 (D-K),"Department of Infectious Diseases, National Institute of Health, Portugal",1/20/15,National Institute of Health,2008,,Portugal:Lisbon,,1
C144,Chlamydia trachomatis strain Ia/CS190/96,915646614,NZ_CP010571,Ia/CS190/96,trachomatis,1042034,I,"Non-invasive, urogenital tract",group 3 (D-K),"Department of Infectious Diseases, National Institute of Health, Portugal",1/20/15,National Institute of Health,1996,,Portugal:Lisbon,,1
W001,Waddlia chondrophila WSU 86-1044,297620246,NC_014225,WSU 86-1044,Waddlia_chondrophila,2116312,,,,"Institute of Microbiology, University Hospital Center and University of Lausanne",02/09/2010,,,,,The Waddlia genome: a window into chlamydial biology,1
C145,Chlamydia pecorum L17,1021316643,NZ_LFRK00000000,L17,pecorum,1094114,,,,University of the Sunshine Coast,5/26/15,,1969,,"Sus, lung, Austria","More than comparative genomics: Whole genome sequencing reveals elusive C. pecorum plasmid and re-evaluates genetic differences and phylogenetic relationships between C. pecorum from pig, cattle, sheep and koala hosts",3
C146,Chlamydia pecorum L71,1021316322,NZ_LFRL01000000,L71,pecorum,1115016,,,,University of the Sunshine Coast,5/26/15,,1969,,"Sus, joint, Austria","More than comparative genomics: Whole genome sequencing reveals elusive C. pecorum plasmid and re-evaluates genetic differences and phylogenetic relationships between C. pecorum from pig, cattle, sheep and koala hosts",5